ref,value,x,y,rot,footprint,dist_to_mcu_mm
U1,STM32F103C8T6,19.6,15.5,0.0,LQFP-48_7x7mm_P0.5mm,0.0
C7,1u,13.55,16.55,90.0,C_0402_1005Metric,6.14
C4,100n,16.85,9.35,0.0,C_0402_1005Metric,6.74
C3,100n,22.35,21.7,180.0,C_0402_1005Metric,6.78
C1,100n,13.55,12.2,90.0,C_0402_1005Metric,6.89
C2,100n,25.85,12.6,-90.0,C_0402_1005Metric,6.89
C9,100n,16.35,21.737,0.0,C_0402_1005Metric,7.03
FB1,FerriteBead,13.5,20.438,-90.0,L_0603_1608Metric,7.85
C11,10p,11.7,15.55,90.0,C_0402_1005Metric,7.9
C10,10p,11.7,13.4,90.0,C_0402_1005Metric,8.17
C5,10u,16.575,7.65,0.0,C_0603_1608Metric,8.41
C6,10n,11.7,19.438,-90.0,C_0402_1005Metric,8.83
C13,22u,28.85,18.338,0.0,C_0805_2012Metric_Pad1.18x1.45mm_HandSolder,9.68
C8,1u,11.7,21.537,-90.0,C_0402_1005Metric,9.94
Y1,16Mhz,9.15,14.35,-90.0,Crystal_SMD_3225-4Pin_3.2x2.5mm,10.51
R2,1K5,30.0,13.638,-90.0,R_0402_1005Metric,10.57
R5,1K5,20.08,27.75,0.0,R_0402_1005Metric,12.26
R4,1K5,17.98,27.75,180.0,R_0402_1005Metric,12.36
U2,AMS1117-3.3,28.95,24.138,-90.0,SOT-223-3_TabPin2,12.73
R1,10K,6.4,10.7,90.0,R_0402_1005Metric,14.05
J2,Conn_01x04_Pin,25.69,2.25,90.0,PinHeader_1x04_P2.54mm_Vertical,14.58
J4,Conn_01x04_Pin,22.56,30.75,-90.0,PinHeader_1x04_P2.54mm_Vertical,15.53
J3,Conn_01x04_Pin,10.69,2.25,90.0,PinHeader_1x04_P2.54mm_Vertical,15.97
C12,22u,33.75,24.037,90.0,C_0805_2012Metric,16.53
SW1,SW_SPDT,2.5,10.45,-90.0,SW_SPDT_PCM12,17.83
R3,1K5,36.75,21.448,90.0,R_0402_1005Metric,18.15
J1,USB_B_Micro,38.0,14.2,90.0,USB_Micro-B_Wuerth_629105150521,18.45
D1,RED_LED,36.75,24.138,-90.0,LED_0603_1608Metric,19.2
H4,MountingHole,3.0,3.0,0.0,MountingHole_2.2mm_M2_DIN965_Pad,20.78
H3,MountingHole,3.0,30.0,0.0,MountingHole_2.2mm_M2_DIN965_Pad,22.04
H1,MountingHole,39.0,3.0,0.0,MountingHole_2.2mm_M2_DIN965_Pad,23.08
H2,MountingHole,39.0,30.0,0.0,MountingHole_2.2mm_M2_DIN965_Pad,24.22
